withdrawal_id,driver_id,amount,status,razorpay_payout_id,created_at,razorpay_order_id
wd_4498ec486d,DRIVER_001,300.0,PENDING,,2025-12-31T06:31:37.690683,
wd_c3b51fc22a,DRIVER_001,300.0,PENDING,,2025-12-31T06:33:06.648175,
wd_76b3b57840,DRIVER_001,300.0,PENDING,,2025-12-31T07:26:34.077349,
wd_8c2b32f999,DRIVER_001,300.0,PENDING,,2025-12-31T07:28:48.276604,
wd_e9d1461690,DRIVER_001,300.0,PENDING,,2026-01-01T10:04:31.017305,
wd_ab04724b7b,DRIVER_001,300.0,PENDING,,2026-01-01T11:50:19.636518,
wd_352a3fd094,DRIVER_001,300.0,PENDING,,2026-01-02T17:54:40.433674,
wd_afe601e4d8,DRIVER_001,300.0,PENDING,,2026-01-02T18:08:00.993235,
wd_488664a6fb,DRIVER_001,300.0,PENDING,,2026-01-02T18:09:30.518689,
wd_bb9041a70f,DRIVER_001,300.0,PENDING,,2026-01-02T18:10:01.749860,
wd_5ac4595c,DRIVER_001,300.0,SUCCESS,,2026-01-02T18:17:11.107847,order_Rz6d48KHg7hnFP
